1,Google.com
2,Youtube.com 
3,Facebook.com
4,Amazon.com
5,Yahoo.com
6,Wikipedia.org
7,Zoom.us
8,Live.com
9,Xinhuanet.com
10,Reddit.com
11,Netflix.com
12,Microsoft.com
13,Instagram.com
14,Vk.com
15,Office.com
16,Myshopify.com
17,Bing.com
18,Bongacams.com
19,Twitch.tv
20,Microsoftonline.com
21,Aliexpress.com
22,Ebay.com
23,Adobe.com
24,Twitter.com
25,Apple.com
26,Stackoverflow.com
27,Chaturbate.com
28,Linkedin.com
29,Msn.com
30,Wordpress.com
31,Cnn.com
32,Dropbox.com
33,Whatsapp.com
34,Imdb.com
35,Pornhub.com
36,Livejasmin.com
37,Amazonaws.com
38,Nytimes.com
39,Tradingview.com
40,Etsy.com
41,Indeed.com
42,Imgur.com
43,Spotify.com
44,Xvideos.com
45,Medium.com
46,Github.com
47,Instructure.com
48,Canva.com
49,Fandom.com
50,Roblox.com
51,Paypal.com
52,Thestartmagazine.com
53,Bbc.com
54,Espn.com
55,Chase.com
56,Udemy.com
57,Flipkart.com
58,Tiktok.com
59,Zillow.com
60,Xhamster.com
61,Walmart.com
62,Telegram.org
63,Tumblr.com
64,Godaddy.com
65,Force.com
66,Salesforce.com
67,Soundcloud.com
68,Stackexchange.com
69,Freepik.com
70,Okta.com
71,Wetransfer.com
72,Grammarly.com
73,IndiaTimes.com
74,Padlet.com
75,Primevideo.com
76,Slack.com
77,Aliyun.com
78,Intuit.com
79,Duckduckgo.com
80,Shutterstock.com
81,Booking.com
82,Pinterest.com
83,Wellsfargo.com
84,Speedtest.net
85,Ilovepdf.com
86,Craigslist.com
87,Washingtonpost.com
88,Vimeo.com
89,Healthline.com
90,Theguardian.com
91,Bestbuy.com
92,Chess.com
93,Usps.com
94,Researchgate.net
95,Wix.com
96,Zoho.com
97,Cnet.com
98,Foxnews.com
99,Bet9ja.com
100,Disneyplus.com
101,Hdfcbank.com
102,Smallpdf.com
103,Mediafire.com
104,T.me
105,Hulu.com
106,Investing.com
107,Ikea.com
108,Blogger.com
109,W3schools.com
110,Zendesk.com
111,Archive.org
112,Ups.com
113,Coinmarketcap.com
114,Fidelity.com
115,Slideshare.net
116,Heavy.com
117,Homedepot.com
118,Cnbc.com
119,Fedex.com
120,Deepl.com
121,Xnxx.com
122,Discord.com
123,Skype.com
124,Trello.com
125,Binance.com
126,Quizlet.com
127,Businessinsider.com
128,Redd.it
129,Investopedia.com
130,Wikihow.com
131,T.co
132,Line.me
133,Zerodha.com
134,Capitalone.com
135,Gamepedia.com
136,Samsung.com
137,Icicibank.com
138,Target.com
139,Googlevideo.com
140,Breitbart.com
141,Mozilla.org
142,Y2mate.com
143,Dailymail.co.uk
144,Bet365.com
145,Taboola.com
146,Office365.com
147,Theepochtimes.com
148,Iqbroker.com
149,Fiverr.com
150,Etoro.com
151,Worldometers.info
152,Dailymotion.com
153,Coursera.org
154,Op.gg
155,Behance.net
156,Bankofamerica.com
157,Adp.com
158,Forbes.com
159,Weather.com
160,Airbnb.com
161,Webex.com
162,Americanexpress.com
163,Hootsuite.com
164,Goodreads.com
165,Hotstar.com
166,Rt.com
167,Crunchyroll.com
168,Ameritrade.com
169,Wayfair.com
170,Reverso.net
171,Geeksforgeeks.org
172,Realtor.com
173,Xfinity.com
174,Pinimg.com
175,Hp.com
176,Pixabay.com
177,Squarespace.com
178,Sciencedirect.com
179,Marketwatch.com
180,Abs-cbn.com
181,Ask.com
182,Weebly.com
183,Moneycontrol.com
184,Wikimedia.org
185,Patreon.com
186,Patch.com
187,Aol.com
188,Pexels.com
189,Upwork.com
190,Fc2.com
191,Ladbible.com
192,Scribd.com
193,Naukri.com
194,Spankbang.com
195,Dell.com
196,Rctiplus.com
197,Asos.com
198,Thesaurus.com
199,Linktr.ee
200,Softonic.com
201,Td.com
202,Wixsite.com
203,Evernote.com
204,Yelp.com
205,Bloomberg.com
206,Wish.com
207,Box.com
208,Usatoday.com
209,Inquirer.net
210,Schwab.com
211,Citi.com
212,Steamcommunity.com
213,Messenger.com
214,Epicgames.com
215,Quora.com
216,Ndtv.com
217,Cricbuzz.com
218,Cambridge.org
219,9gag.com
220,Glassdoor.com
221,Onlyfans.com
222,Indiamart.com
223,Att.com
224,Costco.com
225,1337x.to
226,Mailchimp.com
227,Outbrain.com
228,Nypost.com
229,Reuters.com
230,Webmd.com
231,Thegatewaypundit.com
232,Wordpress.org
233,Istockphoto.com
234,Tripadvisor.com
235,Feedly.com
236,Unsplash.com
237,Fast.com
238,Tencent.com
239,Bp.blogsplot.com
240,Verizon.com
241,Espncricinfo.com
242,Blackboard.com
243,Nike.com
244,Hbomax.com
245,Wsj.com
246,Mercari.com
247,Deviantart.com
248,Westernjournal.com
249,Npr.org
250,Wowhead.com
251,Go.com
252,Norton.com
253,Lowes.com
254,Livejournal.com
255,Hotmart.com
256,Nbcnews.com
257,Shein.com
258,Redfin.com
259,Academia.edu
260,Tutorialspoint.com
261,Newegg.com
262,Msi.com
263,Issuu.com
264,Ecer.com
265,Myworkdayjobs.com
266,Sourceforge.net
267,Constantcontract.com
268,Genius.com
269,Doubleclick.net
270,Slickdeals.net
271,Uptodown.com
272,Chegg.com
273,Themeforest.net
274,Schoology.com
275,Justdial.com
276,Zara.com
